Task,Output,reset,Readout,Parameter,N.steps,param_value,w_crit,acc_in,f1_in,mcc_in,acc_halfdiff_lt_wcrit,f1_halfdiff_lt_wcrit,mcc_halfdiff_lt_wcrit
MNIST,statistic,noreset,rf,beta,101,0.2,0.00842780235,True,True,True,True,True,True
MNIST,statistic,noreset,rf,beta,101,0.3,0.0056185348999999996,True,True,True,True,True,True
MNIST,statistic,noreset,rf,beta,101,0.4,0.004213901175,True,True,True,True,True,True
MNIST,statistic,noreset,rf,membrane_threshold,101,1.157219765,0.004213901175,True,True,True,True,True,True
MNIST,statistic,noreset,rf,membrane_threshold,101,1.43814651,0.0056185348999999996,True,True,True,True,True,True
MNIST,statistic,noreset,rf,membrane_threshold,101,2.0,0.00842780235,True,True,True,True,True,True
MNIST,statistic,noreset,slp,beta,101,0.2,0.00842780235,True,True,True,True,True,True
MNIST,statistic,noreset,slp,beta,101,0.3,0.0056185348999999996,True,True,True,True,True,True
MNIST,statistic,noreset,slp,beta,101,0.4,0.004213901175,True,True,True,True,True,True
MNIST,statistic,noreset,slp,membrane_threshold,101,1.157219765,0.004213901175,True,True,True,True,True,True
MNIST,statistic,noreset,slp,membrane_threshold,101,1.43814651,0.0056185348999999996,True,True,True,True,True,True
MNIST,statistic,noreset,slp,membrane_threshold,101,2.0,0.00842780235,True,True,True,True,True,True
MNIST,statistic,reset,rf,current_amplitude,101,0.5,0.009606950587500001,True,True,True,True,True,True
MNIST,statistic,reset,rf,current_amplitude,101,1.0,0.009213901175,True,True,True,True,True,True
MNIST,statistic,reset,rf,current_amplitude,101,2.0,0.00842780235,True,True,True,True,True,True
MNIST,statistic,reset,slp,current_amplitude,101,0.5,0.009606950587500001,True,True,True,True,True,True
MNIST,statistic,reset,slp,current_amplitude,101,1.0,0.009213901175,True,True,True,True,True,True
MNIST,statistic,reset,slp,current_amplitude,101,2.0,0.00842780235,True,True,True,True,True,True
MNIST,trace,noreset,rf,beta,101,0.2,0.00842780235,True,True,True,True,True,True
MNIST,trace,noreset,rf,beta,101,0.3,0.0056185348999999996,True,True,True,True,True,True
MNIST,trace,noreset,rf,beta,101,0.4,0.004213901175,True,True,True,True,True,True
MNIST,trace,noreset,rf,membrane_threshold,101,1.157219765,0.004213901175,True,True,True,True,True,True
MNIST,trace,noreset,rf,membrane_threshold,101,1.43814651,0.0056185348999999996,True,True,True,True,True,True
MNIST,trace,noreset,rf,membrane_threshold,101,2.0,0.00842780235,True,True,True,True,True,True
MNIST,trace,noreset,slp,beta,101,0.2,0.00842780235,True,True,True,True,True,True
MNIST,trace,noreset,slp,beta,101,0.3,0.0056185348999999996,True,True,True,True,True,True
MNIST,trace,noreset,slp,beta,101,0.4,0.004213901175,True,True,True,True,True,True
MNIST,trace,noreset,slp,membrane_threshold,101,1.157219765,0.004213901175,True,True,True,True,True,True
MNIST,trace,noreset,slp,membrane_threshold,101,1.43814651,0.0056185348999999996,True,True,True,True,True,True
MNIST,trace,noreset,slp,membrane_threshold,101,2.0,0.00842780235,True,True,True,True,True,True
trajectory,statistic,noreset,rf,beta,71,0.2,0.004415765214285714,True,True,True,True,True,True
trajectory,statistic,noreset,rf,beta,71,0.3,0.002943843476190476,True,True,True,True,True,True
trajectory,statistic,noreset,rf,beta,71,0.4,0.002207882607142857,True,True,True,True,True,True
trajectory,statistic,noreset,rf,current_amplitude,71,0.5,0.004853941303571429,True,True,True,True,True,True
trajectory,statistic,noreset,rf,current_amplitude,71,1.0,0.004707882607142857,True,True,True,True,True,True
trajectory,statistic,noreset,rf,current_amplitude,71,2.0,0.004415765214285714,True,True,True,True,True,True
trajectory,statistic,noreset,rf,membrane_threshold,71,1.11684695714,0.002207882607135714,True,True,True,True,True,True
trajectory,statistic,noreset,rf,membrane_threshold,71,1.41123130476,0.002943843476185715,True,True,True,True,True,True
trajectory,statistic,noreset,rf,membrane_threshold,71,2.0,0.004415765214285714,True,True,True,True,True,True
trajectory,statistic,noreset,slp,beta,71,0.2,0.004415765214285714,True,True,True,True,True,True
trajectory,statistic,noreset,slp,beta,71,0.3,0.002943843476190476,True,True,True,True,True,True
trajectory,statistic,noreset,slp,beta,71,0.4,0.002207882607142857,True,True,True,True,True,True
trajectory,statistic,noreset,slp,current_amplitude,71,0.5,0.004853941303571429,True,True,True,True,True,True
trajectory,statistic,noreset,slp,current_amplitude,71,1.0,0.004707882607142857,True,True,True,True,True,True
trajectory,statistic,noreset,slp,current_amplitude,71,2.0,0.004415765214285714,True,True,True,True,True,True
trajectory,statistic,noreset,slp,membrane_threshold,71,1.11684695714,0.002207882607135714,True,True,True,True,True,True
trajectory,statistic,noreset,slp,membrane_threshold,71,1.41123130476,0.002943843476185715,True,True,True,True,True,True
trajectory,statistic,noreset,slp,membrane_threshold,71,2.0,0.004415765214285714,True,True,True,True,True,True
trajectory,statistic,reset,rf,beta,71,0.2,0.004415765214285714,True,True,True,True,True,True
trajectory,statistic,reset,rf,beta,71,0.3,0.002943843476190476,True,True,True,True,True,True
trajectory,statistic,reset,rf,beta,71,0.4,0.002207882607142857,True,True,True,True,True,True
trajectory,statistic,reset,rf,current_amplitude,71,0.5,0.004853941303571429,True,True,False,True,True,True
trajectory,statistic,reset,rf,current_amplitude,71,1.0,0.004707882607142857,True,True,False,True,True,True
trajectory,statistic,reset,rf,current_amplitude,71,2.0,0.004415765214285714,True,True,True,True,True,True
trajectory,statistic,reset,rf,membrane_threshold,71,1.11684695714,0.002207882607135714,True,True,True,True,True,True
trajectory,statistic,reset,rf,membrane_threshold,71,1.41123130476,0.002943843476185715,True,True,True,True,True,True
trajectory,statistic,reset,rf,membrane_threshold,71,2.0,0.004415765214285714,True,True,True,True,True,True
trajectory,statistic,reset,slp,beta,71,0.2,0.004415765214285714,True,True,True,True,True,True
trajectory,statistic,reset,slp,beta,71,0.3,0.002943843476190476,True,True,True,True,True,True
trajectory,statistic,reset,slp,beta,71,0.4,0.002207882607142857,True,True,True,True,True,True
trajectory,statistic,reset,slp,current_amplitude,71,0.5,0.004853941303571429,True,False,False,True,True,True
trajectory,statistic,reset,slp,current_amplitude,71,1.0,0.004707882607142857,True,True,True,True,True,True
trajectory,statistic,reset,slp,current_amplitude,71,2.0,0.004415765214285714,True,True,True,True,True,True
trajectory,statistic,reset,slp,membrane_threshold,71,1.11684695714,0.002207882607135714,True,True,True,True,True,True
trajectory,statistic,reset,slp,membrane_threshold,71,1.41123130476,0.002943843476185715,True,True,True,True,True,True
trajectory,statistic,reset,slp,membrane_threshold,71,2.0,0.004415765214285714,True,True,True,True,True,True
trajectory,trace,noreset,rf,beta,71,0.2,0.004415765214285714,True,True,True,True,True,True
trajectory,trace,noreset,rf,beta,71,0.3,0.002943843476190476,True,True,True,True,True,True
trajectory,trace,noreset,rf,beta,71,0.4,0.002207882607142857,True,True,True,True,True,True
trajectory,trace,noreset,rf,current_amplitude,71,0.5,0.004853941303571429,True,True,False,True,True,True
trajectory,trace,noreset,rf,current_amplitude,71,1.0,0.004707882607142857,True,True,True,True,True,True
trajectory,trace,noreset,rf,current_amplitude,71,2.0,0.004415765214285714,True,True,True,True,True,True
trajectory,trace,noreset,rf,membrane_threshold,71,1.11684695714,0.002207882607135714,True,True,True,True,True,True
trajectory,trace,noreset,rf,membrane_threshold,71,1.41123130476,0.002943843476185715,True,True,True,True,True,True
trajectory,trace,noreset,rf,membrane_threshold,71,2.0,0.004415765214285714,True,True,True,True,True,True
trajectory,trace,noreset,slp,beta,71,0.2,0.004415765214285714,True,True,True,True,True,True
trajectory,trace,noreset,slp,beta,71,0.3,0.002943843476190476,True,True,True,True,True,True
trajectory,trace,noreset,slp,beta,71,0.4,0.002207882607142857,True,True,True,True,True,True
trajectory,trace,noreset,slp,current_amplitude,71,0.5,0.004853941303571429,True,True,True,True,True,True
trajectory,trace,noreset,slp,current_amplitude,71,1.0,0.004707882607142857,True,True,False,True,True,True
trajectory,trace,noreset,slp,current_amplitude,71,2.0,0.004415765214285714,True,True,True,True,True,True
trajectory,trace,noreset,slp,membrane_threshold,71,1.11684695714,0.002207882607135714,True,True,True,True,True,True
trajectory,trace,noreset,slp,membrane_threshold,71,1.41123130476,0.002943843476185715,True,True,True,True,True,True
trajectory,trace,noreset,slp,membrane_threshold,71,2.0,0.004415765214285714,True,True,True,True,True,True
trajectory,trace,reset,rf,beta,71,0.2,0.004415765214285714,True,True,True,True,True,True
trajectory,trace,reset,rf,beta,71,0.3,0.002943843476190476,True,True,True,True,True,True
trajectory,trace,reset,rf,beta,71,0.4,0.002207882607142857,True,True,True,True,True,True
trajectory,trace,reset,rf,current_amplitude,71,0.5,0.004853941303571429,False,False,False,True,True,True
trajectory,trace,reset,rf,current_amplitude,71,1.0,0.004707882607142857,False,False,False,True,True,True
trajectory,trace,reset,rf,current_amplitude,71,2.0,0.004415765214285714,True,True,False,True,True,True
trajectory,trace,reset,rf,membrane_threshold,71,1.11684695714,0.002207882607135714,True,True,True,True,True,True
trajectory,trace,reset,rf,membrane_threshold,71,1.41123130476,0.002943843476185715,True,True,True,True,True,True
trajectory,trace,reset,rf,membrane_threshold,71,2.0,0.004415765214285714,True,True,True,True,True,True
trajectory,trace,reset,slp,beta,71,0.2,0.004415765214285714,True,True,True,True,True,True
trajectory,trace,reset,slp,beta,71,0.3,0.002943843476190476,True,True,True,True,True,True
trajectory,trace,reset,slp,beta,71,0.4,0.002207882607142857,True,True,True,True,True,True
trajectory,trace,reset,slp,current_amplitude,71,0.5,0.004853941303571429,True,False,False,True,True,True
trajectory,trace,reset,slp,current_amplitude,71,1.0,0.004707882607142857,True,False,False,True,True,True
trajectory,trace,reset,slp,current_amplitude,71,2.0,0.004415765214285714,True,True,True,True,True,True
trajectory,trace,reset,slp,membrane_threshold,71,1.11684695714,0.002207882607135714,True,True,True,True,True,True
trajectory,trace,reset,slp,membrane_threshold,71,1.41123130476,0.002943843476185715,True,True,True,True,True,True
trajectory,trace,reset,slp,membrane_threshold,71,2.0,0.004415765214285714,True,True,True,True,True,True
